{
  "builder_name": "emotion",
  "citation": "@inproceedings{saravia-etal-2018-carer,\n    title = \"{CARER}: Contextualized Affect Representations for Emotion Recognition\",\n    author = \"Saravia, Elvis  and\n      Liu, Hsien-Chi Toby  and\n      Huang, Yen-Hao  and\n      Wu, Junlin  and\n      Chen, Yi-Shin\",\n    booktitle = \"Proceedings of the 2018 Conference on Empirical Methods in Natural Language Processing\",\n    month = oct # \"-\" # nov,\n    year = \"2018\",\n    address = \"Brussels, Belgium\",\n    publisher = \"Association for Computational Linguistics\",\n    url = \"https://www.aclweb.org/anthology/D18-1404\",\n    doi = \"10.18653/v1/D18-1404\",\n    pages = \"3687--3697\",\n    abstract = \"Emotions are expressed in nuanced ways, which varies by collective or individual experiences, knowledge, and beliefs. Therefore, to understand emotion, as conveyed through text, a robust mechanism capable of capturing and modeling different linguistic nuances and phenomena is needed. We propose a semi-supervised, graph-based algorithm to produce rich structural descriptors which serve as the building blocks for constructing contextualized affect representations from text. The pattern-based representations are further enriched with word embeddings and evaluated through several emotion recognition tasks. Our experimental results demonstrate that the proposed method outperforms state-of-the-art techniques on emotion recognition tasks.\",\n}\n",
  "config_name": "split",
  "dataset_name": "emotion",
  "dataset_size": 2173401,
  "description": "Emotion is a dataset of English Twitter messages with six basic emotions: anger, fear, joy, love, sadness, and surprise. For more detailed information please refer to the paper.\n",
  "download_checksums": {
    "data/train.jsonl.gz": {
      "num_bytes": 591930,
      "checksum": null
    },
    "data/validation.jsonl.gz": {
      "num_bytes": 74018,
      "checksum": null
    },
    "data/test.jsonl.gz": {
      "num_bytes": 74935,
      "checksum": null
    }
  },
  "download_size": 740883,
  "features": {
    "text": {
      "dtype": "string",
      "_type": "Value"
    },
    "label": {
      "names": [
        "sadness",
        "joy",
        "love",
        "anger",
        "fear",
        "surprise"
      ],
      "_type": "ClassLabel"
    },
    "input_ids": {
      "feature": {
        "dtype": "int32",
        "_type": "Value"
      },
      "_type": "Sequence"
    },
    "attention_mask": {
      "feature": {
        "dtype": "int8",
        "_type": "Value"
      },
      "_type": "Sequence"
    },
    "hidden_state": {
      "feature": {
        "dtype": "float32",
        "_type": "Value"
      },
      "_type": "Sequence"
    }
  },
  "homepage": "https://github.com/dair-ai/emotion_dataset",
  "license": "The dataset should be used for educational and research purposes only",
  "size_in_bytes": 2914284,
  "splits": {
    "train": {
      "name": "train",
      "num_bytes": 1741533,
      "num_examples": 16000,
      "dataset_name": "emotion"
    },
    "validation": {
      "name": "validation",
      "num_bytes": 214695,
      "num_examples": 2000,
      "dataset_name": "emotion"
    },
    "test": {
      "name": "test",
      "num_bytes": 217173,
      "num_examples": 2000,
      "dataset_name": "emotion"
    }
  },
  "supervised_keys": {
    "input": "text",
    "output": "label"
  },
  "task_templates": [
    {
      "task": "text-classification",
      "label_column": "label"
    }
  ],
  "version": {
    "version_str": "1.0.0",
    "major": 1,
    "minor": 0,
    "patch": 0
  }
}